{
  "crf": {
    "feature_weights": [
      [
        2.0,
        0.0,
        0.0,
        0.0,
        0.0,
        2.0,
        0.0,
        0.0,
        0.0,
        0.0,
        0.0,
        0.0,
        3.0,
        0.0,
        0.0,
        3.0,
        0.0,
        2.0,
        0.0,
        4.0
      ],
      [
        0.0,
        0.0,
        3.0,
        0.0,
        0.0,
        0.0,
        0.0,
        0.0,
        2.5,
        0.0,
        0.0,
        0.0,
        0.0,
        1.5,
        0.0,
        0.0,
        0.0,
        0.0,
        2.0,
        0.0
      ],
      [
        0.0,
        0.0,
        0.0,
        0.0,
        0.5,
        0.0,
        0.0,
        0.0,
        0.0,
        0.0,
        0.0,
        0.0,
        0.0,
        0.0,
        0.0,
        0.0,
        0.0,
        0.0,
        0.0,
        0.0
      ],
      [
        0.0,
        0.0,
        0.0,
        2.0,
        0.0,
        0.0,
        2.0,
        0.0,
        0.0,
        0.0,
        2.0,
        0.0,
        0.0,
        0.0,
        1.5,
        0.0,
        0.0,
        0.0,
        0.0,
        0.0
      ],
      [
        0.0,
        4.0,
        0.0,
        0.0,
        0.0,
        0.0,
        0.0,
        0.0,
        0.0,
        0.0,
        0.0,
        4.0,
        0.0,
        0.0,
        0.0,
        0.0,
        0.0,
        0.0,
        0.0,
        0.0
      ]
    ],
    "transition_weights": [
      [
        1.0,
        0.0,
        0.0,
        0.0,
        0.0
      ],
      [
        0.0,
        1.0,
        0.0,
        0.0,
        0.0
      ],
      [
        0.0,
        0.0,
        1.0,
        0.0,
        0.0
      ],
      [
        0.0,
        0.0,
        0.0,
        1.0,
        0.0
      ],
      [
        0.0,
        0.0,
        0.0,
        0.0,
        2.0
      ]
    ]
  },
  "hmm": {
    "emission_mean": [
      [
        0.0,
        0.0,
        0.0,
        0.25,
        0.0,
        0.0,
        0.0,
        0.0,
        0.0,
        0.0,
        0.25,
        0.0,
        0.25,
        0.0,
        0.45,
        0.44117647058823534,
        0.03823529411764706,
        0.7290196078431371,
        0.0,
        0.25
      ],
      [
        0.0,
        0.0,
        1.0,
        1.0,
        0.0,
        0.0,
        0.0,
        0.0,
        0.0,
        0.0,
        1.0,
        0.0,
        0.0,
        0.0,
        1.0,
        0.0588235294117647,
        0.0392156862745098,
        1.0,
        0.0,
        0.0
      ],
      [
        0.0,
        0.0,
        0.0,
        0.0,
        0.0,
        0.0,
        0.0,
        0.0,
        0.0,
        0.0,
        0.0,
        0.0,
        0.14285714285714285,
        0.0,
        0.0,
        0.02521008403361345,
        0.028265851795263558,
        0.3008658008658009,
        0.0,
        0.0
      ],
      [
        0.0,
        0.0,
        0.0,
        0.21236559139784947,
        0.06182795698924731,
        0.0,
        0.0,
        0.0,
        0.0,
        0.002688172043010753,
        0.21236559139784947,
        0.0,
        0.08333333333333333,
        0.0,
        0.956989247311828,
        0.050284629981024516,
        0.07147375079063868,
        0.6827956989247311,
        0.0,
        0.0
      ],
      [
        0.0,
        0.9,
        0.0,
        0.0,
        0.3,
        0.3,
        0.3,
        0.1,
        0.1,
        0.1,
        0.1,
        0.9,
        0.0,
        0.0,
        0.0,
        0.1,
        0.5,
        0.2,
        0.0,
        0.1
      ]
    ],
    "emission_var": [
      [
        0.01,
        0.01,
        0.01,
        0.1875,
        0.01,
        0.01,
        0.01,
        0.01,
        0.01,
        0.01,
        0.1875,
        0.01,
        0.1875,
        0.01,
        0.2475,
        0.04100346020761245,
        0.01,
        0.11977022299115725,
        0.01,
        0.1875
      ],
      [
        0.01,
        0.01,
        0.01,
        0.01,
        0.01,
        0.01,
        0.01,
        0.01,
        0.01,
        0.01,
        0.01,
        0.01,
        0.01,
        0.01,
        0.01,
        0.01,
        0.01,
        0.01,
        0.01,
        0.01
      ],
      [
        0.01,
        0.01,
        0.01,
        0.01,
        0.01,
        0.01,
        0.01,
        0.01,
        0.01,
        0.01,
        0.01,
        0.01,
        0.12244897959183673,
        0.01,
        0.01,
        0.01,
        0.01,
        0.20421281460242496,
        0.01,
        0.01
      ],
      [
        0.01,
        0.01,
        0.01,
        0.16726644698809112,
        0.0580052607237831,
        0.01,
        0.01,
        0.01,
        0.01,
        0.01,
        0.16726644698809112,
        0.01,
        0.07638888888888888,
        0.01,
        0.041160827841368874,
        0.01,
        0.013438959881355184,
        0.19597641345820332,
        0.01,
        0.01
      ],
      [
        0.3,
        0.05,
        0.3,
        0.3,
        0.3,
        0.3,
        0.3,
        0.3,
        0.3,
        0.3,
        0.3,
        0.05,
        0.3,
        0.3,
        0.3,
        0.2,
        0.2,
        0.2,
        0.2,
        0.2
      ]
    ],
    "initial": [
      0.0440251572327044,
      0.008385744234800839,
      0.16352201257861634,
      0.7819706498951782,
      0.0020964360587002098
    ],
    "transition": [
      [
        0.6,
        0.1,
        0.15,
        0.1,
        0.05
      ],
      [
        0.1,
        0.5,
        0.2,
        0.15,
        0.05
      ],
      [
        0.1,
        0.1,
        0.55,
        0.2,
        0.05
      ],
      [
        0.15,
        0.1,
        0.25,
        0.45,
        0.05
      ],
      [
        0.05,
        0.05,
        0.1,
        0.05,
        0.75
      ]
    ]
  },
  "hmm_weight": 0.9
}
