{
  "crf": {
    "feature_weights": [
      [
        2.0,
        0.0,
        0.0,
        0.0,
        0.0,
        2.0,
        0.0,
        0.0,
        0.0,
        0.0,
        0.0,
        0.0,
        3.0,
        0.0,
        0.0,
        3.0,
        0.0,
        2.0,
        0.0,
        4.0
      ],
      [
        0.0,
        0.0,
        3.0,
        0.0,
        0.0,
        0.0,
        0.0,
        0.0,
        2.5,
        0.0,
        0.0,
        0.0,
        0.0,
        1.5,
        0.0,
        0.0,
        0.0,
        0.0,
        2.0,
        0.0
      ],
      [
        0.0,
        0.0,
        0.0,
        0.0,
        0.5,
        0.0,
        0.0,
        0.0,
        0.0,
        0.0,
        0.0,
        0.0,
        0.0,
        0.0,
        0.0,
        0.0,
        0.0,
        0.0,
        0.0,
        0.0
      ],
      [
        0.0,
        0.0,
        0.0,
        2.0,
        0.0,
        0.0,
        2.0,
        0.0,
        0.0,
        0.0,
        2.0,
        0.0,
        0.0,
        0.0,
        1.5,
        0.0,
        0.0,
        0.0,
        0.0,
        0.0
      ],
      [
        0.0,
        4.0,
        0.0,
        0.0,
        0.0,
        0.0,
        0.0,
        0.0,
        0.0,
        0.0,
        0.0,
        4.0,
        0.0,
        0.0,
        0.0,
        0.0,
        0.0,
        0.0,
        0.0,
        0.0
      ]
    ],
    "transition_weights": [
      [
        1.0,
        0.0,
        0.0,
        0.0,
        0.0
      ],
      [
        0.0,
        1.0,
        0.0,
        0.0,
        0.0
      ],
      [
        0.0,
        0.0,
        1.0,
        0.0,
        0.0
      ],
      [
        0.0,
        0.0,
        0.0,
        1.0,
        0.0
      ],
      [
        0.0,
        0.0,
        0.0,
        0.0,
        2.0
      ]
    ]
  },
  "hmm": {
    "emission_mean": [
      [
        0.0,
        0.0,
        0.0,
        0.2857142857142857,
        0.0,
        0.0,
        0.0,
        0.0,
        0.0,
        0.0,
        0.2857142857142857,
        0.0,
        0.0,
        0.0,
        0.14285714285714285,
        0.38528138528138534,
        0.01948051948051948,
        0.3452717696415175,
        0.0,
        1.0
      ],
      [
        0.0,
        0.0,
        0.12121212121212122,
        0.3333333333333333,
        0.0,
        0.0,
        0.0,
        0.0,
        0.0,
        0.09090909090909091,
        0.3333333333333333,
        0.0,
        0.15151515151515152,
        0.9090909090909091,
        0.0,
        0.018824609733700644,
        0.07438016528925619,
        0.40937950937950934,
        0.0,
        0.0
      ],
      [
        0.0,
        0.0,
        0.0,
        0.0,
        0.0,
        0.0,
        0.0,
        0.0,
        0.0,
        0.09580838323353294,
        0.0,
        0.0,
        0.2375249500998004,
        0.0,
        0.0,
        0.011552652271215179,
        0.05126111413536573,
        0.35579885849346926,
        0.0,
        0.005988023952095809
      ],
      [
        0.0,
        0.0,
        0.0,
        0.8688524590163934,
        0.0,
        0.0,
        0.0,
        0.0,
        0.0,
        0.009836065573770493,
        0.8688524590163934,
        0.0,
        0.18032786885245902,
        0.0,
        0.16393442622950818,
        0.01649279682066574,
        0.04426229508196723,
        0.699871194379391,
        0.0,
        0.0
      ],
      [
        0.0,
        0.9333333333333333,
        0.0,
        0.06666666666666667,
        0.0,
        0.0,
        0.0,
        0.0,
        0.0,
        0.0,
        0.06666666666666667,
        1.0,
        0.0,
        0.0,
        0.0,
        0.005050505050505051,
        0.057575757575757586,
        0.013333333333333334,
        0.0,
        0.0
      ]
    ],
    "emission_var": [
      [
        0.01,
        0.01,
        0.01,
        0.20408163265306123,
        0.01,
        0.01,
        0.01,
        0.01,
        0.01,
        0.01,
        0.20408163265306123,
        0.01,
        0.01,
        0.01,
        0.12244897959183673,
        0.07640411536515432,
        0.01,
        0.06064444967512633,
        0.01,
        0.01
      ],
      [
        0.01,
        0.01,
        0.10651974288337925,
        0.2222222222222222,
        0.01,
        0.01,
        0.01,
        0.01,
        0.01,
        0.08264462809917356,
        0.2222222222222222,
        0.01,
        0.1285583103764922,
        0.08264462809917361,
        0.01,
        0.01,
        0.01,
        0.2105015939647975,
        0.01,
        0.01
      ],
      [
        0.01,
        0.01,
        0.01,
        0.01,
        0.01,
        0.01,
        0.01,
        0.01,
        0.01,
        0.08662913693570942,
        0.01,
        0.01,
        0.18110684817988773,
        0.01,
        0.01,
        0.01,
        0.01,
        0.20830325081326323,
        0.01,
        0.01
      ],
      [
        0.01,
        0.01,
        0.01,
        0.11394786347755981,
        0.01,
        0.01,
        0.01,
        0.01,
        0.01,
        0.01,
        0.11394786347755981,
        0.01,
        0.14780972856758937,
        0.01,
        0.13705993012631013,
        0.01,
        0.01,
        0.17686075531350248,
        0.01,
        0.01
      ],
      [
        0.01,
        0.06222222222222218,
        0.01,
        0.06222222222222222,
        0.01,
        0.01,
        0.01,
        0.01,
        0.01,
        0.01,
        0.06222222222222222,
        0.01,
        0.01,
        0.01,
        0.01,
        0.01,
        0.01,
        0.01,
        0.01,
        0.01
      ]
    ],
    "initial": [
      0.009237875288683603,
      0.03926096997690531,
      0.5796766743648961,
      0.3533487297921478,
      0.018475750577367205
    ],
    "transition": [
      [
        0.6,
        0.1,
        0.15,
        0.1,
        0.05
      ],
      [
        0.1,
        0.5,
        0.2,
        0.15,
        0.05
      ],
      [
        0.1,
        0.1,
        0.55,
        0.2,
        0.05
      ],
      [
        0.15,
        0.1,
        0.25,
        0.45,
        0.05
      ],
      [
        0.05,
        0.05,
        0.1,
        0.05,
        0.75
      ]
    ]
  },
  "hmm_weight": 0.9
}
