{
  "crf": {
    "feature_weights": [
      [
        2.0,
        0.0,
        0.0,
        0.0,
        0.0,
        2.0,
        0.0,
        0.0,
        0.0,
        0.0,
        0.0,
        0.0,
        3.0,
        0.0,
        0.0,
        3.0,
        0.0,
        2.0,
        0.0,
        4.0
      ],
      [
        0.0,
        0.0,
        3.0,
        0.0,
        0.0,
        0.0,
        0.0,
        0.0,
        2.5,
        0.0,
        0.0,
        0.0,
        0.0,
        1.5,
        0.0,
        0.0,
        0.0,
        0.0,
        2.0,
        0.0
      ],
      [
        0.0,
        0.0,
        0.0,
        0.0,
        0.5,
        0.0,
        0.0,
        0.0,
        0.0,
        0.0,
        0.0,
        0.0,
        0.0,
        0.0,
        0.0,
        0.0,
        0.0,
        0.0,
        0.0,
        0.0
      ],
      [
        0.0,
        0.0,
        0.0,
        2.0,
        0.0,
        0.0,
        2.0,
        0.0,
        0.0,
        0.0,
        2.0,
        0.0,
        0.0,
        0.0,
        1.5,
        0.0,
        0.0,
        0.0,
        0.0,
        0.0
      ],
      [
        0.0,
        4.0,
        0.0,
        0.0,
        0.0,
        0.0,
        0.0,
        0.0,
        0.0,
        0.0,
        0.0,
        4.0,
        0.0,
        0.0,
        0.0,
        0.0,
        0.0,
        0.0,
        0.0,
        0.0
      ]
    ],
    "transition_weights": [
      [
        1.0,
        0.0,
        0.0,
        0.0,
        0.0
      ],
      [
        0.0,
        1.0,
        0.0,
        0.0,
        0.0
      ],
      [
        0.0,
        0.0,
        1.0,
        0.0,
        0.0
      ],
      [
        0.0,
        0.0,
        0.0,
        1.0,
        0.0
      ],
      [
        0.0,
        0.0,
        0.0,
        0.0,
        2.0
      ]
    ]
  },
  "hmm": {
    "emission_mean": [
      [
        0.0,
        0.0,
        0.0,
        0.5,
        0.0,
        0.0,
        0.0,
        0.0,
        0.0,
        0.0,
        0.5,
        0.0,
        0.0,
        0.0,
        0.0,
        0.3392857142857143,
        0.14285714285714285,
        0.869047619047619,
        0.0,
        0.0
      ],
      [
        0.2,
        0.0,
        0.8,
        0.1,
        0.3,
        0.3,
        0.3,
        0.2,
        0.8,
        0.1,
        0.1,
        0.0,
        0.1,
        0.8,
        0.1,
        0.3,
        0.4,
        0.4,
        0.8,
        0.3
      ],
      [
        0.0,
        0.0,
        0.0,
        0.0,
        0.0,
        0.0,
        0.0,
        0.0,
        0.0,
        0.0,
        0.0,
        0.0,
        0.0,
        0.0,
        0.0,
        0.0,
        0.3888888888888889,
        0.0,
        0.0,
        0.0
      ],
      [
        0.0,
        0.0,
        0.0,
        1.0,
        0.0,
        0.0,
        0.0,
        0.0,
        0.0,
        0.0,
        1.0,
        0.0,
        0.0,
        0.0,
        0.0,
        0.14285714285714285,
        0.0,
        1.0,
        0.0,
        0.0
      ],
      [
        0.0,
        0.782608695652174,
        0.0,
        0.21739130434782608,
        0.0,
        0.0,
        0.0,
        0.0,
        0.0,
        0.0,
        0.21739130434782608,
        1.0,
        0.0,
        0.0,
        0.0,
        0.13043478260869565,
        0.08695652173913043,
        0.03260869565217391,
        0.0,
        0.0
      ]
    ],
    "emission_var": [
      [
        0.01,
        0.01,
        0.01,
        0.25,
        0.01,
        0.01,
        0.01,
        0.01,
        0.01,
        0.01,
        0.25,
        0.01,
        0.01,
        0.01,
        0.01,
        0.032206632653061215,
        0.07086167800453515,
        0.06420068027210901,
        0.01,
        0.01
      ],
      [
        0.3,
        0.3,
        0.1,
        0.3,
        0.3,
        0.3,
        0.3,
        0.3,
        0.1,
        0.3,
        0.3,
        0.3,
        0.3,
        0.1,
        0.3,
        0.2,
        0.2,
        0.2,
        0.1,
        0.2
      ],
      [
        0.01,
        0.01,
        0.01,
        0.01,
        0.01,
        0.01,
        0.01,
        0.01,
        0.01,
        0.01,
        0.01,
        0.01,
        0.01,
        0.01,
        0.01,
        0.01,
        0.191358024691358,
        0.01,
        0.01,
        0.01
      ],
      [
        0.01,
        0.01,
        0.01,
        0.01,
        0.01,
        0.01,
        0.01,
        0.01,
        0.01,
        0.01,
        0.01,
        0.01,
        0.01,
        0.01,
        0.01,
        0.01,
        0.01,
        0.01,
        0.01,
        0.01
      ],
      [
        0.01,
        0.1701323251417769,
        0.01,
        0.17013232514177692,
        0.01,
        0.01,
        0.01,
        0.01,
        0.01,
        0.01,
        0.17013232514177692,
        0.01,
        0.01,
        0.01,
        0.01,
        0.11342155009451796,
        0.03591682419659735,
        0.01,
        0.01,
        0.01
      ]
    ],
    "initial": [
      0.3333333333333333,
      0.022222222222222223,
      0.08888888888888889,
      0.022222222222222223,
      0.5333333333333333
    ],
    "transition": [
      [
        0.6,
        0.1,
        0.15,
        0.1,
        0.05
      ],
      [
        0.1,
        0.5,
        0.2,
        0.15,
        0.05
      ],
      [
        0.1,
        0.1,
        0.55,
        0.2,
        0.05
      ],
      [
        0.15,
        0.1,
        0.25,
        0.45,
        0.05
      ],
      [
        0.05,
        0.05,
        0.1,
        0.05,
        0.75
      ]
    ]
  },
  "hmm_weight": 0.9
}
